{
    "Player": {
        "Test1": 32,
        "Test2": 56.25,
        "Test3": [
            -1.399999976158142,
            -3.5999999046325684,
            -2.2309999465942383
        ]
    }
}
