{
    "Player": {
        "ArmL Translation": [
            -1.350000023841858,
            1.2200000286102295,
            0.0
        ],
        "ArmR Translation": [
            1.350000023841858,
            1.2200000286102295,
            0.0
        ],
        "Head Translation": [
            0.0,
            1.2000000476837158,
            0.0
        ]
    }
}
