{
    "Player": {
        "ArmL Translation": [
            -0.550000011920929,
            1.2200000286102295,
            0.0
        ],
        "ArmR Translation": [
            0.550000011920929,
            1.2200000286102295,
            0.0
        ],
        "Head Translation": [
            0.0,
            1.600000023841858,
            0.0
        ]
    }
}
